par_id,text,keyword,country_code,true_label,pred_label,confidence,correct,error_type
10031,"Adopt a Mission serves as a platform for the church and for likeminded people to reach out to unemployed families in the communities -- whoever is in need . "" <h> The forgotten people of Brooklyn",in-need,za,0,1,0.9897782,False,False Positive (wrongly flagged)
9764,"The most endearing aspect of Nizami Sahib 's personality was the disarming manner in which he helped people who , he knew , were desperately in need of work . He would scratch his shiny , bald head and ask them if they could be so kind as to oblige him by preparing broadcastable material on social hygiene , new developments in mathematics , Hegelian philosophy , or whatever .",in-need,pk,0,1,0.9889987,False,False Positive (wrongly flagged)
9524,"More than 200 people , young and old , were being fed at a soup kitchen . Many were homeless and all of them had an urgent need for some food to try and ward off the effects of the bitter weather .",homeless,ie,0,1,0.9878049,False,False Positive (wrongly flagged)
9249,"In Nyarugusu , Tanzania 's last major refugee camp , the government and United Nations are trying to end a rootless life for generations of people living -- and many born -- in exile .",refugee,ke,0,1,0.98753965,False,False Positive (wrongly flagged)
9798,"The City Without Drugs organisation is still active , as is their YouTube channel . It features hundreds of videos of drug addicts being dragged half-conscious through the street , their faces not blurred , or confessing their alleged worthlessness , their hopelessness , their shame .",hopeless,au,0,1,0.987357,False,False Positive (wrongly flagged)
9326,"The majority of these people now reside , in refugee camps that lack sufficient humanitarian aid , offering refugees little more than a hopeless situation . International charitable organisations fear working in these camps as harassment and violence against those aiding Rohingya Muslims are common .",hopeless,bd,0,1,0.9863046,False,False Positive (wrongly flagged)
9423,"Christmas is celebration of the birth of not merely a child , but a child who changed the destiny of humans forever . It is celebration of the fact that God wanted to be a part of the human race and so he took on flesh and blood and became human like us . We can also show unconditional love through our good deeds and helping those who are in need of our help and care . Be human and merciful .",in-need,in,0,1,0.98571914,False,False Positive (wrongly flagged)
8978,"Jesus begins his teaching in Matthew with the Sermon on the Mount . One group he blesses is those in need of comfort , Blessed are they who mourn , for they will be comforted ( Mt 5:4 ) .",in-need,my,0,1,0.9833413,False,False Positive (wrongly flagged)
9210,"Perhaps one of Lahiri 's most lasting contributions was keeping written records of the conditions of the refugees , with vivid and heart wrenching descriptions of their plight .",refugee,bd,0,1,0.9830679,False,False Positive (wrongly flagged)
9433,""" It beggars belief this scheme has been cobbled together ten weeks from the election when for more than a year Bill English has preferred to write off young unemployed people as pretty damn hopeless and too drugged and lazy .",hopeless,nz,0,1,0.97926795,False,False Positive (wrongly flagged)
10200,"She also praised the efforts to stabilise the lives of refugees , by providing for their basic needs and helping them overcome their challenges , while stressing that supporting refugees is an ongoing part of the UAE 's humanitarian directives , and the country has taken the responsibility to evaluate their needs and provide them with a variety of urgent and essential aid .",refugee,in,0,1,0.9783538,False,False Positive (wrongly flagged)
8626,""" Your personal leadership has been critical to addressing the plight of the Rohingya who fled to safety in your country . I thank you for all you have done to assist these men , women and children in need , "" he wrote in the message .",in-need,bd,0,1,0.97831875,False,False Positive (wrongly flagged)
8689,"Allman Town resident Sonya Wilson ( second left ) , and one of her daughters ( fourth left ) hand out boxed lunches to a group of homeless people on King Street , downtown Kingston , on Thursday .",homeless,jm,0,1,0.9754258,False,False Positive (wrongly flagged)
9936,"Since its inception in 1994 , the NCVT has had vast experience in assisting women from impoverished areas such as Diepsloot , Zandspruit , and Cosmo City . These women often face seemingly hopeless situations , including physical and emotional abuse . With Women 's Month approaching , NCVT reflects on these challenges and the supportive role that social workers play . <h> Poverty and domestic violence",hopeless,za,0,1,0.97461534,False,False Positive (wrongly flagged)
8744,"Black grew up in the neighbourhood around the church , where he would eat Franklin 's cooking at lavish meals she provided for the community and the homeless each Thanksgiving and Christmas . "" She made the best oxtail soup , with that cornbread , and it was to die for , "" he recalled . "" It would be so much food that you would n't know what to do . """,homeless,in,0,1,0.97115445,False,False Positive (wrongly flagged)
9759,This has created anger -- especially among the young in our society -- deepened by the seeming hopelessness of their circumstances .,hopeless,za,0,1,0.9707609,False,False Positive (wrongly flagged)
9687,"In his condolence message , he said , "" All our sympathies are with the poor families as we are standing in cohesion with the Egyptian government and the people in this hour of grief . """,poor-families,pk,0,1,0.9704338,False,False Positive (wrongly flagged)
9116,"There is a saying that goes "" A friend in need is a friend indeed . "" This means , a good friend is the one who rescues a friend trapped in unsolved problems .",in-need,tz,0,1,0.9693452,False,False Positive (wrongly flagged)
8982,"It is hard to imagine how someone can go from having a home one day and be out on the street the next week . Many homeless start out with jobs and stable residences . But then , social and particularly money shortage , "" economic necessities "" cause a rapid and deteriorating change .",homeless,lk,0,1,0.9690638,False,False Positive (wrongly flagged)
10270,"The hopelessness of the situation for young adults has led to the term "" timepass "" , which denotes time spent in unproductive jobs or pursuits , waiting for the career break . Graduates entering an economy that does n't require them has sparked another : "" PhD baristas "" .",hopeless,au,0,1,0.9684516,False,False Positive (wrongly flagged)
9267,"CAPE TOWN , SOUTH AFRICA : At Cape Town 's Nazareth House , a care home for dozens of vulnerable , disabled and orphaned children , feeding time is executed with military precision .",disabled,pk,0,1,0.9683613,False,False Positive (wrongly flagged)
9732,""" It 's the politicians that have no faith in the people . All we hear from them is negativity . If you keep feeding negativity , the response is a people who are tired , bored and feeling hopelessness . Give the people something to strive for . Build youth centres . There are sooooo many talented youth . Jamaica must stop bad-mouthing ALL youth . The majority just want one simple thing and that is , A CHANCE . """,hopeless,jm,0,1,0.96822965,False,False Positive (wrongly flagged)
9353,"But more than taking personal strength from the heroines of Philippine culture , Alma finds greater inspiration in being able to share her skills to build on the dreams of women and children , "" I look at art not as a career but as a spiritual expression . Art should bring out what is innately beautiful , especially to those who are hopeless . """,hopeless,ph,0,1,0.965012,False,False Positive (wrongly flagged)
9341,""" T-Bird was observant but soft spoken . Only among his friends would you hear him involved in loud talking . He was very caring and he did not allow anyone to change his character and style . He stood for high principles even if it meant he would stand alone . He showed love and respect to all those around him . He was the Godfather for most of the poor families in the community and was always the provider for his family , "" Dillon said .",poor-families,jm,0,1,0.9634017,False,False Positive (wrongly flagged)
9891,"Meanwhile , Dr. Thomas told JIS News that the seminar was staged for all well- thinking Jamaicans with a passion for helping this vulnerable group .",vulnerable,jm,0,1,0.9633456,False,False Positive (wrongly flagged)
8973,The UN has failed to settle the Kashmir and Palestine disputes . Atrocities committed by India and Israel in these regions are gaining momentum . Palestinian and Kashmiris are living in fear and hopelessness . The current situation displays the dismal picture of abuse of power . The silence of the international community is incomprehensible . These are Muslim-majority areas and it seems that the world has no interest in the problems faced by Muslims .,hopeless,pk,0,1,0.9620872,False,False Positive (wrongly flagged)
9443,"Thus , the constitution to be , must contain no priestly doctrines , which brainwash public in to pessimism , fatalism and listlessness . In modern world , the king has become the politician , yet , his extant status continues , virtually , to be same , with no subjection to change . The constitutional contents must contain a foundation to battle with priestly doctrines , which produce rulers of despotism and which seed innocent people in the soil of sub-normality , racial hatred , religious antagonism and make them barren and hopeless . Constitution is not only a powering document , but also an educating instrument .",hopeless,lk,0,1,0.961953,False,False Positive (wrongly flagged)
8838,""" I always consider this job as a gift , being a nurse is a reward and task given by God to help those who are in need . Seeing your patient recover from an illness , watching their families smile when you give them care , and hearing the first cry of a newborn are just some of the things that make my work special . It might be a heavy work but it can lighten your heart , "" she expressed .",in-need,ph,0,1,0.9619372,False,False Positive (wrongly flagged)
9130,"In another development , Eiremiokhae was also bestowed with a Humanitarian Award by the Trinity International University of Ambassadors also in Georgia for his works of charity and care for widows and the vulnerable .",vulnerable,ng,0,1,0.96158135,False,False Positive (wrongly flagged)
9829,"I have been looking to see if Ojinga 's son and daughters , Kalonzo 's children would be among these jobless and hopeless looking demonstrators.As usual , they are nowhere to be seen.At the end of the day , having demonstrated all day on empty stomach , their children and wives are asking the goons for money to buy unga for dinner answer hakuna ! ? Meanwhile , Ojinga and his NASWA team and of course families retire to their posh homes in Karen and after dinner , they have enough to throw away or feed the dogs while the demonstrators sleep hungry.This is replicated every time there is a demonstration in our city and towns across the country . Due to lack of the basic necessities , the demonstrator resorts to looting and stealing.The rest is history .",hopeless,ke,0,1,0.9607216,False,False Positive (wrongly flagged)
8873,"On the occasion , Major Fahad also distributed ration among the 40 poor families present at the medical camp . He said that army had been struggling to protect and serve the people of Swat and had stood by them in every troubled hour . People hoped that more such free medical camps would be arranged in the future .",poor-families,pk,0,1,0.9580748,False,False Positive (wrongly flagged)
10090,""" We have identified extremely poor families , orphaned children , the elderly and those living with HIV/AIDS but with no source of income . We will give them priority to enable them get treated whenever they fall sick , "" he said .",poor-families,ke,0,1,0.9580714,False,False Positive (wrongly flagged)
9517,"BANTAYAN ISLAND , Cebu -- When Supertyphoon "" Yolanda "" ( international name : Haiyan ) pummeled the Visayas in November 2013 , the eyes of the world and much of the international aid that poured into the country centered in Tacloban City -- one of the areas severely hit by the strongest storm that made landfall on record . But not so far away , in a small island at the northern end of Cebu , the suffering of thousands of families left devastated and homeless by the typhoon was just as valid , sans the media spotlight .",homeless,ph,0,1,0.9562093,False,False Positive (wrongly flagged)
8391,Marcos said the government should help poor families that try every possible means to survive . With Joel Zurbano <h> More from this Category :,poor-families,ph,0,1,0.95406,False,False Positive (wrongly flagged)
8514,"Campaigners say over the years thousands of women , especially those from poor families , have been discarded by their husbands in this manner . Many have been rendered destitute , with nowhere to go , or have been forced to return to their parental homes or fend for themselves .",poor-families,gb,0,1,0.9532195,False,False Positive (wrongly flagged)
8578,""" The fact is that ruthless smugglers are preying on desperate migrants and refugees with no regard at all for human dignity , "" said Michele Sison , the US Deputy Ambassador to the UN .",refugee,jm,0,1,0.9523328,False,False Positive (wrongly flagged)
10355,""" For more than 100 years , St. Bernard Hospital has delivered care with dignity to anyone in need . Today 's news reports stating a patient was "" kicked out "" are simply and completely untrue .",in-need,us,0,1,0.9510694,False,False Positive (wrongly flagged)
9715,"Jobs on their own are n't sufficient . Little acknowledges that four out of every 10 children in poverty have parents who work , which shows that not all jobs are equal , and not all jobs are good for poor families . But tell him he 's dreaming if he thinks every parent will miraculously be offered the opportunity to take a decently-paid , secure job with child-appropriate scheduling and hours per week , and flexi-time .",poor-families,nz,0,1,0.9495855,False,False Positive (wrongly flagged)
9549,"Usually children of poor families remember their parents ' struggles and become generous to them as poverty early in life drove them to success . It is the children of the rich that feel a sense of entitlement that mostly becomes ungrateful to their parents . The same children that inflated their school fees and shared it equally with the bursar , regardless of their fathers ' sweat on the farm .",poor-families,ng,0,1,0.94933337,False,False Positive (wrongly flagged)
9411,""" The boxing community is wonderful at helping those in need , today is a prime example .",in-need,ph,0,1,0.94626915,False,False Positive (wrongly flagged)
8610,"Dacawi practically pioneered the concept of civic or community journalism in the city by writing on the plight of indigent patients , other people in need and worthwhile causes that moved people to respond .",in-need,ph,0,1,0.94532585,False,False Positive (wrongly flagged)
9543,"Many of the children are from poor families , with parents convinced their children will have a better life at the orphanage , according to Lumos .",poor-families,au,0,1,0.9409027,False,False Positive (wrongly flagged)
8566,"On Oct. 1 , at the Working America blog , a community affiliate of the AFL-CIO , New Hampshire writer Susan Bruce attempted to make sense of the outrage : "" The lack of compassion is troubling but the level of anger is even more disconcerting . I suspect that the anger some people have for the homeless is fueled by their own fears that they are only a paycheck or two away from being homeless themselves . """,homeless,us,0,1,0.94005793,False,False Positive (wrongly flagged)
10338,"IN 2004 , a small group of women from St John 's Anglican Church in Hervey Bay decided to meet together to sew clothes and bedding for orphan children and poor families being cared for by Australian volunteers in Tanzania , East Africa .",poor-families,au,0,1,0.93968296,False,False Positive (wrongly flagged)
10268,""" This new project will see an active engagement with the community to help improve the lives of vulnerable children and their families . "" <h> ' Enlightened local authorities '",vulnerable,gb,0,1,0.93946797,False,False Positive (wrongly flagged)
8901,""" You also get to meet a lot of people "" enthuses Kanthi . Kanthi , has not only grasped the opportunity to meet a lot of people through dancing , but has also used the chance to reach out to those in need of help . The proceeds from ' Step by step ' will be in aid of the Society for Uplift and Rehabilitation of Leprosy Patients ( SUROL ) .",in-need,lk,0,1,0.93536156,False,False Positive (wrongly flagged)
9148,"Earlier at the ceremony , Azlan , who is also Pauh assemblyman , handed out daily necessities donated by NCIA to 102 poor families in the state constituency .",poor-families,my,0,1,0.9336338,False,False Positive (wrongly flagged)
8560,"As leaders , we will personally support victims but we ask the government to also help . We are going to clear all victims ' hospital bills and we want to ensure that those left homeless receive shelter .",homeless,ke,0,1,0.9326258,False,False Positive (wrongly flagged)
9386,"A happy day it was indeed when a 31 homeless street dogs found their forever homes in the loving arms of the kind children and adults who visited Embark 's ' Adopt A Dog Day ' at Lyceum International School , Nugegoda on the 15th of September . Students from grades 1 to 8 were invited to attend along with their families and friends . The organizers were delighted by the fact that all the puppies and adult dogs who had been put up for adoption found good homes and new families in record time . In fact , Embark ran out of dogs as the demand was so high , but this was just the first adoption day of many more to come at the Lyceum Schools , so everyone who missed out can find their forever friends at future adoption days .",homeless,lk,0,1,0.93139964,False,False Positive (wrongly flagged)
10091,"My own sense of revulsion grew last night after my wife returned from a Delhi home for the blind where children live in squalid , cramped conditions , Braille books were missing , and unpaid teachers were absent . "" House mothers "" paid for by foreign donors were missing and these vulnerable children were left alone at night protected only by a low-paid security guard .",vulnerable,gb,0,1,0.92749757,False,False Positive (wrongly flagged)
8502,""" The government needs to come forward , and it needs to give resources to legal aid , so that those women and those families have their basic human rights and safety met , around representation and justice , the ability to navigate that Goliath of an office with a great deal of power , and to ensure they have the education and the advocacy that they need . "" <h> Child and Youth Advocate responds",women,ca,0,1,0.92465705,False,False Positive (wrongly flagged)
10248,The effect of opening the armouries to the homeless will be to close the armouries to the surrounding community -- taking from one group to give to another . <h> More from the Toronto Star &amp; Partners <h> LOADING,homeless,ca,0,1,0.9242369,False,False Positive (wrongly flagged)
8677,REUTERSThe hands of a homeless man are seen as he rests inside an overcrowded shelter set up by the city hall in Bucharest as temperatures plunge to minus 16 degrees Celsius .,homeless,za,0,1,0.9233103,False,False Positive (wrongly flagged)
9546,"Soles4Souls , the Nashville-based charity that distributes a pair of shoes every seven seconds to people in need , has put a call out for donations as the organization is literally "" running out of shoes . """,in-need,us,0,1,0.9231957,False,False Positive (wrongly flagged)
8446,"Sami , who was an 18-year old new immigrant to Christchurch at the time of Aaliyah 's death , excited about setting up a new life and her pregnancy , has also suffered from the tragedy , he said .",migrant,nz,0,1,0.921653,False,False Positive (wrongly flagged)
8453,""" This incident will not tear us down but rather strengthen us as an organization . We will continue our mission of helping Veterans in need . It is through your generous donations and the volunteers in Chapter 84 that we have been able to provide transportation service for Veterans to their appointments at VA facilities and to build wheel chair ramps at no cost to the Veteran . There is scarcely a family in Alexander County that has not witnessed Chapter 84 's Honor Guard perform Military Rites at a loved ones funeral . Last year , Chapter 84 voted to support ' Dental Care for Veterans , ' a program that is getting underway by the DAV Department of North Carolina . Through this program , Veterans will be able to receive primary dental care at no charge .",in-need,au,0,1,0.91908026,False,False Positive (wrongly flagged)
9875,"Columns <h> Poor , pregnant and homeless",homeless,jm,0,1,0.9184337,False,False Positive (wrongly flagged)
8655,"E-mail Address : * <h> A clinic called "" Hope "" helps a Syrian refugee boy cope with diabetes",refugee,ke,0,1,0.91798806,False,False Positive (wrongly flagged)
9741,"That one person who always needs help - it 's nice to be there for people and having someone there for you when you need them . However , there are a few people who are constantly in need of help and have reached a stage where they ca n't get even the simplest of things done independently . We 're not sure what to call them though , since they always manage to get their work done while you sit there wondering how , even after a day of hard work your checklist remains untouched . We wonder ! Tell them to get an assistant , if they ca n't afford that , there are always interns.",in-need,pk,0,1,0.9178457,False,False Positive (wrongly flagged)
10120,"It 's about time . I do n't understand why rural people , also Chinese citizens , are put into such disadvantageous positions for so long . After all , it 's the rural and migrant people who are putting in the fuel for China 's advances . <h> About China Real Time Report",migrant,hk,0,1,0.91275865,False,False Positive (wrongly flagged)
8890,The dream of a social protection plan whose role is to protect the elderly and the disabled from extreme forms of poverty through monthly stipends is quickly becoming a reality in Kenya .,disabled,ke,0,1,0.9117402,False,False Positive (wrongly flagged)
9634,"AIRTEL Sales Officer for Lake Zone , Emmanuel Raphael and the Manager Joel Laizer hand over a donation of food items to Sarnaa Islamic Orphanage Centre children for Iftar in Mwanza recently . Airtel has set 10m/- to support children who are living in vulnerable environment in various centres countrwide . ( Photos by Staff Photographer )",vulnerable,tz,0,1,0.91093826,False,False Positive (wrongly flagged)
10193,"They complain about the high murder rate and gun violence in Jamaica , and now that you have taken steps to attack these criminals and the hopelessness and hardships they bring to innocent people and the very real negative impact they have on economic growth , some are complaining . And if you do nothing , they complain .",hopeless,jm,0,1,0.9105447,False,False Positive (wrongly flagged)
9527,"In addition , it gives the usually "" dark "" topic a bracingly illuminating spin , as it urges viewers to value life , and points out that suicide may "" solve "" a hopeless person 's problems -- but takes a terrible toll on his loved ones !",hopeless,ph,0,1,0.91012764,False,False Positive (wrongly flagged)
9809,""" Fourteen goats were slaughtered for aqiqah and distributed to 95 poor families in Bohar Fara , while MyCare also provided food baskets to 95 poor families in the village of Ohn Rey Paw , "" Abdul Hafidz said in a statement .",poor-families,my,0,1,0.90828544,False,False Positive (wrongly flagged)
9540,"She added : "" I am really happy with the awards , but I just want to help those in need . """,in-need,gb,0,1,0.9052029,False,False Positive (wrongly flagged)
8908,Canadian coffee giant apologises after store owner pours bucket of water over sleeping homeless man and his dog,homeless,gb,0,1,0.9005604,False,False Positive (wrongly flagged)
9752,"A refugee child cries as she is searched by police at the Syria-Turkey border , where 16 refugees ( including three children ) have been shot dead in the last four months",refugee,gb,0,1,0.8970928,False,False Positive (wrongly flagged)
9393,"The gift of new life can sometimes distress pregnant women and new mums , but a new free app may help them cope , say two leading mental health advocates .",women,au,0,1,0.8857764,False,False Positive (wrongly flagged)
9722,"Young people are too often at the sharp end of poverty , either as children of poor families , or as young people trying to live independent lives . Families with children are more likely to live in poverty than others due to the falling level of benefit income , but also due to low wages and increasing costs , given how prices are rising at the moment .",poor-families,au,0,1,0.8800716,False,False Positive (wrongly flagged)
8757,He also said there were groups of people who were everyday on the run for their lives as refugees because of discrimination caused by human beings .,refugee,tz,0,1,0.87997603,False,False Positive (wrongly flagged)
9301,*Are the aspirations of the Ghanaian Youth being fulfilled ? *What conscious opportunities are available to the Youth ? *Does Government have good intentions for the Ghanaian Youth ? *What are the possible consequences when the Youth are hopelessly hopeless ?,hopeless,gh,0,1,0.869086,False,False Positive (wrongly flagged)
8732,"The leadership crisis rocking the opposition Peoples Democratic Party ( PDP ) has taken a new dimension this year , with the workers of the party crying out that they have been living like refugees since the party lost the 2015 general election and got enmeshed in a protracted leadership crisis .",refugee,ng,0,1,0.8569963,False,False Positive (wrongly flagged)
9178,"Throughout the hearings , the court operated efficiently , providing translators to whoever needed them , offering brief consultations with the Public Defender and assistance for the mentally disabled . Both the judge and the prosecutor seemed genuinely interested in delivering justice and were patient , fair and even , at times , compassionate towards the accused .",disabled,us,0,1,0.8512781,False,False Positive (wrongly flagged)
8924,""" Protecting the disadvantaged members of our community is a cardinal role of any government and my administration in partnership with religious leaders will carry out fresh mapping of vulnerable members of our society and use the data to draw up a deliberate plan to support them , "" he said .",vulnerable,ke,0,1,0.84480095,False,False Positive (wrongly flagged)
10310,Chan has for some time been giving free meals to the homeless and elderly who live in the district . He accepts sponsorships for the meal boxes .,homeless,hk,0,1,0.84354246,False,False Positive (wrongly flagged)
8998,""" It 's a hopeless situation , "" said the aid worker . "" You treat the children who are sick , and then they fall ill again because they are not getting the right food . """,hopeless,in,0,1,0.8418164,False,False Positive (wrongly flagged)
9082,"It 's easy to dismiss the peace and love message as corny and pass ? , but Powers is convincing when she speaks of "" valuing people over things "" , and her beliefs are proven later when I learn of her considerable financial support of Taking it to the Streets , a charity helping vulnerable homeless youths , of whom there are many . ( This is depressing given the torrent of wealth pouring into the city from nearby Silicon Valley . If the Summer of Love set out to end stark inequality in its own community , it appears to have failed , despite the efforts of people like Powers . )",vulnerable,gb,0,1,0.8360039,False,False Positive (wrongly flagged)
10000,"The University of Technology , Jamaica through its USAID-funded Fi Wi Jamaica Project on international Human Rights Day , Thursday , December 10 , 2015 honoured ten ( 10 ) ? unsung heroes ? and one ( 1 ) institution for their transformative and enduring humanitarian work in influencing the way that Jamaican society values the most vulnerable . The awards were presented at the 2nd Annual Essence of Humanity Ubuntu Awards ceremony held at the PCJ auditorium , New Kingston .",vulnerable,jm,0,1,0.83505297,False,False Positive (wrongly flagged)
9482,"It starts at the airport . The quiet belief in lines , the air of solicitousness that creeps in almost imperceptibly , the deference to women , children , the disabled or senior citizens . Indians on the verge of leaving India always seem to have a switch that mysteriously turns on or off just before those international flights turn on their boarding signs .",disabled,in,0,1,0.8171361,False,False Positive (wrongly flagged)
8591,His friends at the Chevron want people to know he was n't just a faceless homeless person . He was their friend and their family .,homeless,us,0,1,0.78087604,False,False Positive (wrongly flagged)
9218,"There are also financial barriers . The $3 cost of a mosquito net can be a deterrent to poor families that earn only $1 a day . "" If they have to choose between food and a mosquito net , they choose food , "" said Kalil Sagno , head of child survival for UNICEF in Katanga and two other provinces .",poor-families,ca,0,1,0.7534084,False,False Positive (wrongly flagged)
9700,"One organization trying to make a difference in Phnom Penh is Action Cambodge Handicap ( ACH ) . This small non-governmental organization ( NGO ) focuses on providing mentally disabled adults with a community or family where they can live , learn and work .",disabled,sg,0,1,0.7072698,False,False Positive (wrongly flagged)
10453,"Provincial Minister Schools Education Rana Mashhood Ahmad Khan has said that the Punjab government under the leadership of Chief Minister Shehbaz Sharif is making investment in the youth for the bright future and the distribution of laptops is the part of this strategy . He said the PML-N government in Punjab in 1998 had eliminated "" booti mafia "" and freed the education system from the influence of the aristocracy and from 2008 revolutionary measures are being taken to improve the education system due to which students even from poor families are getting education in top institutions in Pakistan and abroad . He expressed these views while addressing the laptop distribution ceremony held at the Government Viqar-un-Nisa College . In the fourth phase of the laptop distribution 2730 laptops will be distributed among talented students of Rawalpindi district . MNA Malik Abrar , MPA and Parliamentary Secretary Ch Sarfarz Afzal , MPA Sobia Satti , acting Commissioner Rawalpindi Talat Mehmood Gondal , additional secretary HEC Ajmal Bhatti , students and teachers were present in large number .",poor-families,pk,0,1,0.6627507,False,False Positive (wrongly flagged)
9331,"In Gill Hoffs latest book , she takes us on a fascinating voyage across the sea . In this vivid account of life aboard a 19th century emigrant ship -- with it diverse assemblage of life -- a searing tale of hopeful passengers emerges who find their fates are bound together by the utterly self-serving actions of their captain .",migrant,ie,0,1,0.64549214,False,False Positive (wrongly flagged)
8634,Sherk said the public and organizations like the Salvation Army have also been dropping off warm clothes for the men since word got out that they were in need .,in-need,ca,0,1,0.58575386,False,False Positive (wrongly flagged)
9137,""" It ranges from members of the Oireachtas , the clergy , the judiciary to people who are socially deprived , physically disabled and people who may be regarded as unattractive and may not be able to meet people . """,disabled,ie,0,1,0.5166416,False,False Positive (wrongly flagged)
10444,"Desertification which affects Yunusari , Yusufari , Karasuwa , Machina , Geidam and Bursari local government areas is increasingly diminishing the space for agricultural activities and livestock development . For many years , Yobe state has been screaming and asking for help to deal with desertification because it is depriving many poor families of their means of livelihood and even shelter . One needs to just visit Tulo-Tulo in Yusufari Local Government Area to have a picture of the disaster that is making life more difficult every day for thousands of families .",poor-families,ng,0,1,0.5052994,False,False Positive (wrongly flagged)
10026,"Later both visited : 1 ) Afzaal Memorial Thalassemia Foundation where they donated blood for Thalassemia major children , 2 ) Stanmore School for Independence Day event , 3 ) Markaz-e-Umeed school for special children , 4 ) Dar-ul-Sakoon for children with mental and physical challenges , 5 ) PAF Museum to attend Independence Day celebrations organized by Pakistan Academic Consortium , and 6 ) Bint-e-Fatima Old Home ( Trust ) for homeless women .",homeless,pk,0,1,0.50247365,False,False Positive (wrongly flagged)
582,"It 's calculated that over 204,000 days of purpose-built residential accommodation to otherwise potentially homeless elderly men and women have been delivered by this personally driven altruistic act alone .",homeless,ie,1,0,0.44198593,False,False Negative (missed PCL)
9998,""" In addition , the Members of Parliament will visit two projects that focus on the inclusion of street children and victims of acid attacks to demonstrate their solidarity with those vulnerable groups in need of support . Finally , on April 29 the delegation will brief the journalists on the outcome of the visit at a press conference . """,in-need,bd,1,0,0.4152961,False,False Negative (missed PCL)
808,He wants more done now to help those in need .,in-need,nz,1,0,0.3659256,False,False Negative (missed PCL)
2196,""" It 's the largest humanitarian tragedy of our time , "" Ninette Kelley , the UN high commissioner for refugees ' representative to Lebanon , told the Guardian earlier this month in an interview . "" We do not want the world to forget that people are suffering here . """,refugee,gb,1,0,0.3084968,False,False Negative (missed PCL)
3213,Hollywood star Leo Di Caprio urges help for reuniting immigrant children with their families,immigrant,sg,1,0,0.2875276,False,False Negative (missed PCL)
1137,"The retailer footwear company on a mission to democratise fashion , design and the latest ideas in footwear and accessories globally , has shown its commitment to Jamaica by again providing shoes for children in need during the Christmas season .",in-need,jm,1,0,0.27114254,False,False Negative (missed PCL)
734,"Her house now holds the memories and keepsakes of a migrant 's life well lived , selflessly offering her home and love to more than 100 British foster children and making history in the process -- along with her late husband -- - by being the first black couple in the Lambeth Council in South London to be allowed to foster white children .",migrant,jm,1,0,0.2675377,False,False Negative (missed PCL)
4227,"We have done a great deal of work but the biggest thing we have done is to make the ministry a powerful tool for the protection of women ... Over the last four years , every time somebody comes up with a good idea or proposes an area in which women need help , we have adopted it immediately . We have been doing two things -- policymaking , which also pushes other ministries , and looking at individual cases of suffering . For me , both components are equally important .",women,in,1,0,0.2418051,False,False Negative (missed PCL)
5506,""" We know Uber partners with an extensive network of drivers , and Plunket nurses support some of our most vulnerable families . Working together , we can make it simple for people to help out and make a difference , "" Jarvie says .",vulnerable,nz,1,0,0.22394069,False,False Negative (missed PCL)
3025,"From a spiritual perspective , fasting is a time for the believer to rely on God , to give thanks and to think of others who are in need .",in-need,us,1,0,0.201072,False,False Negative (missed PCL)
6995,"Many celebrities wore blue ribbons to support the American Civil Liberties Union , which is seeking to shed light on the plight of young immigrants facing the potential of being deported .",immigrant,ph,1,0,0.18170875,False,False Negative (missed PCL)
3265,"The Turkish Ambassador to Tanzania Ali Davutoglu has called on civil society groups and Tanzanians in general to join hands in helping orphans and vulnerable children , saying such responsibilities should not be left for the government alone .",vulnerable,tz,1,0,0.17760265,False,False Negative (missed PCL)
3297,""" We believe in the ability of young women to achieve great things , both for themselves and for Tanzania , "" he added .",women,tz,1,0,0.17623329,False,False Negative (missed PCL)
5593,""" Let us make this occasion more meaningful by offering aid to others , especially to those in need . Let us pray for the welfare and safety of our countrymen and for lasting peace in our nation so that we can all work together in harmony towards real change , "" he said .",in-need,ph,1,0,0.17210947,False,False Negative (missed PCL)
4046,We also know that they can benefit by receiving counseling from someone who can help them understand that their feelings are normal and that their situation is not hopeless ; someone who can help them put their situation in perspective and help them communicate with others who could provide support ; someone knowledgeable about resources they can access ; someone who can help them plan for their needs and the needs of their child by developing either a parenting plan or an adoption plan .,hopeless,us,1,0,0.16450688,False,False Negative (missed PCL)
1090,Mum living in homeless shelter has ' nowhere to bring boys on Christmas day ' <h> ' panicked ',homeless,ie,1,0,0.15891977,False,False Negative (missed PCL)
2848,Camfed would like to see this trend reversed . It would like to see more girls in school . Basic Education Statistics in Tanzania ( BEST 2010 ) show that only 18 percent of girls have completed secondary school education . This is why Camfed supports girls from poor families to obtain secondary education and its efforts have seen many go to university .,poor-families,tz,1,0,0.15764672,False,False Negative (missed PCL)
9119,"NEW DELHI : Activists and medical professionals have lauded the government 's move to increase the ambit of the disabled list to offer benefits to acid attack survivors , those suffering from chronic neurological conditions , and haemophilia and sickle cell anaemia patients . This , they said , will help in integrating them into society .",disabled,in,1,0,0.13676298,False,False Negative (missed PCL)
6189,"Our country is in need of serious change . We can continue to celebrate women 's day , throw massive budgets at events , give out goody bags with a cute lipsticks and celebrate female achievers once a year . This is without taking away from exceptional women who truly are making inroads into their environments but we are not just a cute lipstick , or pair of shoes , we are not just pretty and soft and squishy . We are not just child bearers , and there for procreation . So , why are we as women , so accepting of the placating and mollification thrown at us and overlook the inequalities through acceptance . I am by no means militant , but often , as even in politics , focus is shifted on true issues by drawing public attention to other "" things "" in order for us to be distracted . By shifting our focus from relevant issues we forget why we were disgruntled and angry and nothing ever changes .",women,za,1,0,0.13538274,False,False Negative (missed PCL)
6645,"After the satisfying evening , Manny Osme ? a left us pondering on his quote , "" Money is pressure until it is used to help people in need . """,in-need,ph,1,0,0.1326078,False,False Negative (missed PCL)
4327,"If in addition ' miracles ' can be orchestrated then the acceptance and reverence become total . In a country where statistics state that unemployment is about 25 per cent but we know it is more like 70 per cent , where the next meal will come from is unpredictable and on a daily basis time just passes by ; it is not far-fetched for women to become prayer warriors for their children , husbands and siblings and are made to blame whatever is happening not on policies of the government but on the machinations of the devil .",women,gh,1,0,0.12674546,False,False Negative (missed PCL)
6056,"IdeaRaya spokesman Maryam Ramli Lee in an interview with Malay Mail Online , September 10 , 2015 . For human rights , Idearaya is shining a spotlight on marginalised communities such as refugees and migrant workers , while its focus for philosophy this year would be on educating children to express themselves philosophically .",refugee,my,1,0,0.12297332,False,False Negative (missed PCL)
9788,TurkIt 's heartening to see that measures are being taken in Khyber Pakhtunkhwa ( KP ) to empower women and give them work opportunities . You ! takes a look ...,women,pk,1,0,0.111343324,False,False Negative (missed PCL)
9587,Jamaicans are deemed to be among the most violent persons on planet Earth . Some argue that it has to do with our legacy of slavery which in itself was an act of extreme violence . Some even posit that it may well be that we have too much sugar in our blood ; while others point to the socio-economic conditions that the majority of black Jamaicans have to live under which have led them to a point of hopelessness and anger .,hopeless,jm,1,0,0.109307915,False,False Negative (missed PCL)
7111,"Emmanuelle Riva in "" Amour , "" as a woman in her 80s whose mind and body deteriorate after a series of strokes , is even frailer , more vulnerable , and quite defenseless . The first time we saw Riva , in "" Hiroshima Mon Amour , "" we were struck by her sensual , yet patrician face . Now the sensuality is gone , but the dignity of that countenance remains .",vulnerable,ph,1,0,0.10855297,False,False Negative (missed PCL)
4580,"Old BC : As usual , Old GB has it assy-versy . I think there should be more focus on preventing homelessness than curing it . Are there systems for actually going out , picking up the homeless , and placing them where they belong ? Homeless people are n't voluntarily walking into these shelters .",homeless,jm,1,0,0.10728367,False,False Negative (missed PCL)
1301,"Government support to bring the Housing First programme to Wellington will make a real difference for the homeless , says National 's Wellington Central candidate Nicola Willis .",homeless,nz,1,0,0.10619374,False,False Negative (missed PCL)
2591,"One petition signer , the Reverend Everett Shattuck , 59 , a Church of the Brethren minister from Mill Creek , Indiana , said opening his home to refugees was part of the U.S. tradition of welcoming immigrants .",refugee,gh,1,0,0.100486904,False,False Negative (missed PCL)
9282,"For many poor families , the college is a very important institution providing their children with the education crucial to break the poverty cycle .",poor-families,my,1,0,0.09974567,False,False Negative (missed PCL)
1790,"A few of Hong Kong 's mega rich , have also made a more concerted effort to improve the quality of life of those most in need , however the philanthropic approach adopted by the vast majority of them has its limitations . Philanthropy has often created a culture of dependency and has failed to tackle the root causes of social problems . For many organizations , philanthropic investment is viewed as a cost rather than an opportunity .",in-need,hk,1,0,0.09837121,False,False Negative (missed PCL)
915,"She continued , "" I stepped away from hiding behind a fabricated version of myself . I no longer put actions behind my fears and insecurities . I made a choice to redirect my energy to be a catalyst for change . To create a channel for women to become the truest versions of themselves , along with me. """,women,gh,1,0,0.09748482,False,False Negative (missed PCL)
2342,"The measures have kept the migrants living in limbo . The overwhelming majority have not been granted asylum and they lead a tenuous existence , often at the whims of the government .",migrant,hk,1,0,0.09522401,False,False Negative (missed PCL)
3672,"Yes , DMC you are very good at adding numbers , I am sure the dead and homeless are really thankful that you have the numbers . But as a government department I do not see any action in preventing , educating , keeping sos supply depots , or indeed any action , apart from the armed forces providing aid and the common man .",homeless,lk,1,0,0.09002073,False,False Negative (missed PCL)
644,""" I and my daughter Monica are excited about providing a space for disabled people to be able to get together and earn fair prices for their work , "" Mr. Rogers said .",disabled,ph,1,0,0.081601635,False,False Negative (missed PCL)
4056,"President Muhammadu Buhari is on a divine mission to rescue the Nigeria from the brink of collapse and hopelessness , Speaker of the House of Representatives , Rt . Hon. Yakubu Dogara has said .",hopeless,ng,1,0,0.08123963,False,False Negative (missed PCL)
9980,"From mother ( played by Bollywood actress Seema Biswas of Bandit Queen fame ) who rejected him and a society that offered no respite , Siva was , in a nutshell , a hopeless street vagabond .",hopeless,sg,1,0,0.080991216,False,False Negative (missed PCL)
9435,"While some said they were just out to hang out with their friends of like persuasion , this was no social gathering for others ; it was a place of work . For some of these male prostitutes , the ' clients ' they picked up on this corner were their only means of survival , and the streets , in some cases , a home for the homeless among them .",homeless,jm,1,0,0.0670541,False,False Negative (missed PCL)
10099,"After a tragic event during his previous life as an FBI agent , Sawyer lost half a leg and developed an aversion to guns . So instead of the usual muscle-bound , wise-cracking , gun-toting cliche he 's often played , here he 's a vulnerable , disabled family man caught up in a twisted extortion plot .",vulnerable,au,1,0,0.06694992,False,False Negative (missed PCL)
7913,Charity plans to forgo parking so homeless can have gym and medical centre,homeless,gb,1,0,0.06560502,False,False Negative (missed PCL)
5846,"KOLKATA : Sourav Kaibartya , a fisherman 's son who scored 94.2% in his higher secondary examination this year got entry into NIT Durgapur for engineering course . The boy was at a loss as to who will fund his education . That is when a corporate house came into his rescue . Thirty-seven students like him from West Bengal meritorious but from poor families will now get to continue their studies with an initiative from Magma Fincorp Ltd .",poor-families,in,1,0,0.06456437,False,False Negative (missed PCL)
5059,"New Zealand has been getting more comfortable confronting difficult issues in primetime . Last year , Nigel Latta : The Hard Stuff 's exploration of suicide and teenagers ' online lives was a hit . Earlier this year another season of The Undateables , a British show about dating amongst the disabled and those with learning disabilities played at 8.45pm Mondays on TVNZ 2 . And despite the exploitative name , Embarassing Bodies has helped open eyes and minds to the reality of those whose physical form deviates from a societal conception of ' normal ' .",disabled,nz,1,0,0.06279664,False,False Negative (missed PCL)
5829,"Bus driver Cathal Carroll asks if I 've heard the news this morning . I have n't . Four thousand souls have just been rescued from the waters of the Mediterranean , he says . All of them African refugees . All fleeing hunger and persecution in their native lands . What do I think about that ?",refugee,ie,1,0,0.061948072,False,False Negative (missed PCL)
7726,"In Dublin , the Church of Ireland Archbishop Dr Michael Jackson reflected on the year drawing to a close and recalled the "" horrific conflagration at the halting site in Carrickmines "" and the death of Garda Tony Golden in Omeath , as well as the "" refugees fleeing from Syria "" and other parts of the Middle East and the "" forgotten peoples of Africa "" .",refugee,ie,1,0,0.058223,False,False Negative (missed PCL)
157,"We are alarmed to learn of your recently circulated proposals that would eviscerate the Lifeline program and leave many of the most vulnerable people in the country without access to affordable communications . As you are well aware , the Lifeline program provides a modest monthly subsidy of $9.25 to connect low-income Americans to phone and internet services . As broadband prices continue to soar , and affordability continues to suffer , adoption gaps remain . The Lifeline program has proven critical for poor families and people of color who are caught on the wrong side of the digital divide .",poor-families,ca,1,0,0.055331036,False,False Negative (missed PCL)
9006,""" Jesus is the Master Feminist because he championed the cause of women , "" she said .",women,gh,1,0,0.053504,False,False Negative (missed PCL)
3661,""" Some come from poor families and then you find swimming in millions and they lose focus , then they fizz out from football altogether , "" he said , making it clear that to have a Paul Pogba-esque success , one needs to work that much harder and not get influenced easily especially at this age and that too coming from Africa .",poor-families,gh,1,0,0.052042264,False,False Negative (missed PCL)
5497,"So when journalists and observers tell us that , "" Toronto will never be the same again , "" they are not only wrong , but are extremely unhelpful . Of course Toronto will be just the same again . Not for the poor families of the deceased , not for those struggling with ghastly and perhaps life-changing injuries , but for most of the rest of us . It wo n't change , because it never does .",poor-families,ca,1,0,0.049039993,False,False Negative (missed PCL)
8831,"It is also good news for women 's issues , which are in desperate need of a woman 's touch . As much work as the ANC has done thus far , we have a long way to go in this and in many other regards .",women,za,1,0,0.04808678,False,False Negative (missed PCL)
5512,""" Africa Rights Initiatives International has brought smiles on the faces of many , especially , crippled/ disabled who received crutches , the poor sighted who received glasses and medications , the poor who received clothing , the 1,225people who received free health insurance coverage and the general public that received free medical care and above all , the financial support for the Anti Snake Venom ( ASV ) to save the life of the poor woman in Kporibayiri , and referral of the poor boy who died on the way to the hospital . Your Midwives also conducted great deliveries during your visit . Only God knows what would have happened as the only Midwife for the Sub-district was still on her annual leave "" He said .",disabled,gh,1,0,0.047793124,False,False Negative (missed PCL)
8939,"In the course of the coming week , the season of Lent begins . It is a time for renewal for each one of us , a time to draw closer to the Lord so that he may pick us up and set us again on his pathway to the fullness of life . The steps we are invited to take during Lent include the three traditional Lenten practices : prayer , fasting and almsgiving . We are to make these practices a more constant part of our life and behaviour throughout these next five and a half weeks . Through daily prayer we open our hearts to the Lord ; through fasting , or self-denial , we quieten the clamour within us for self-indulgence ; in almsgiving we have a means of reaching out to those in need , giving expression to our compassion for them .",in-need,gb,1,0,0.04752552,False,False Negative (missed PCL)
149,"Krueger recently harnessed that creativity to self-publish a book featuring the poems , artwork , photography and short stories of 16 ill or disabled artists from around the world . She hopes the book , which contains some of her own work as well , will show how talented disabled people can be .",disabled,us,1,0,0.046878595,False,False Negative (missed PCL)
7918,""" Nigeria 's tertiary education system is still elitist . We do n't make allowance for poor families , families that have not yet produced a university graduate . How do these people assess the university education ?",poor-families,ng,1,0,0.043947432,False,False Negative (missed PCL)
1063,""" So many of us see the state of our home as some kind of reflection of our self-worth ( even though it 's not ! ) , and a mess can so easily make you feel like a failure . And for those who have mental illnesses , chronic illness , chronic pain , or disabilities , this can be even worse , because when you 're not physically able to do a whole-house clean , it can all seem a little hopeless . """,hopeless,nz,1,0,0.04355924,False,False Negative (missed PCL)
4156,"The school authorities have taken the perfect procedure , not to obstruct studies . The 300 odd athletes who engage in sports are given the freedom to practice before and after school hours under the watchful eyes of the teachers who are in-charge of sports . The talented athletes who come from poor families are taken care of adequately with contributions from parents and well wishers .",poor-families,lk,1,0,0.042819504,False,False Negative (missed PCL)
6309,"Some years later the daughter 's marriage broke up . She had two children by then and needed money urgently . The father dipped into his savings and was eventually compelled to move into this home . His daughter has put in the papers for him to join her in Australia and he is hopeful of joining her soon . That day for him will be a joyful escape from the surrounding air of defeat , dejection and hopelessness .",hopeless,lk,1,0,0.042167928,False,False Negative (missed PCL)
1381,"Departing from his prepared remarks , Francis shared his experiences of the day earlier with thousands of people gathered for his blessing . He says among the 300 refugees he greeted Saturday on Lesbos was a Syrian widower with two children .",refugee,ph,1,0,0.039786305,False,False Negative (missed PCL)
7040,"Michael Gove 's recent suggestion that inadequate financial management skills among poor families are to blame for the increasing demand on food banks has , unsurprisingly , sparked an angry response . Critics feel the Conservative Party is out of touch with the pressures on ordinary families .",poor-families,au,1,0,0.034884464,False,False Negative (missed PCL)
952,"Bombarded by schizophrenia , addiction and homelessness , you might say that Eoghan O'Driscoll has been to hell and back . But he is finding a new balance through painting . Interview : Michael Lanigan",homeless,ie,1,0,0.03433924,False,False Negative (missed PCL)
8290,"In the space of a week , four beautiful young women gave up their lives voluntarily over reasons ranging from a love affair to depression to unemployment . All were educated and from reasonably good families . And these are just some of the reports that media covered . Looked at dispassionately and from a distance , none of their problems seem insurmountable . What a waste of young , beautiful lives !",women,in,1,0,0.033223502,False,False Negative (missed PCL)
2133,"The drama 's compelling nature derived from a thorough knowledge of its cast , more numerous and improbable than any soap opera 's . The bite came from underlying tragedy : lost wives , lost jobs , pennilessness , homelessness and death . I have never laughed so much as in Soho in the Eighties .",homeless,gb,1,0,0.031101389,False,False Negative (missed PCL)
8624,"I am shocked , disgusted and dismayed at yet another police incident that is being mishandled . How many poor families have had their loved ones senselessly perish at the hands of highly paid , supposedly "" professional "" police officers and have had to fight against an unjust system that allows these officers to literally get away with murder unpunished. ?",poor-families,ca,1,0,0.029973816,False,False Negative (missed PCL)
1572,If only we had more stories that championed the brilliance of migrant workers perhaps we 'd be able to challenge the silence that permits them to be treated in such a disdainful way .,migrant,ph,1,0,0.028971108,False,False Negative (missed PCL)
2001,t is remiss not to mention here that not all scavenging children come from poor families . Children hailing from affluent families use dumpsites as playgrounds .,poor-families,tz,1,0,0.028703984,False,False Negative (missed PCL)
8706,"A massive cleanup and awareness drive was conducted jointly by the LWMC and the Bahria University , Lahore Campus in different localities of Johar Town . The purpose of the drive was to improve state of cleanliness and sensitise poor families to hygienic conditions .",poor-families,pk,1,0,0.02781281,False,False Negative (missed PCL)
7191,""" Boarding schools should be for those coming from poor families who when admitted to boarding secondary schools would be assured of their meals provided by schools , "" she said .",poor-families,tz,1,0,0.025159298,False,False Negative (missed PCL)
773,"Sheepherding in America has always been an immigrant 's job , too dirty , too cold and too lonely for anyone with options .",immigrant,us,1,0,0.022878742,False,False Negative (missed PCL)
7394,"KARACHI - On the eve of International Women 's Day , Pakistan People 's Party Chairman Bilawal Bhutto Zardari has announced that his party 's Women Wing will organise Karwan-e-Benazir rallies in all the provincial capitals and in Azad Jammu &amp; Kashmir , Gilgit-Baltistan and Fata to celebrate the day and PPP 's achievements for empowerment of women in the country .",women,pk,1,0,0.022468304,False,False Negative (missed PCL)
2610,"Nearly 15,000 West African teenagers leave their homes every year to play football in Europe . Few make good on their dreams . Some are lured by corrupt "" agents "" , smuggled across the searing Sahara and discarded in the streets of Europe , resigned to selling fake designer bags as undocumented immigrants . Others are nabbed by academies and feeder teams affiliated with European clubs and often dumped like bad stocks .",immigrant,gh,1,0,0.02188502,False,False Negative (missed PCL)
1870,"He said : "" I think we can consider introducing a negligible telecom surcharge to be entirely borne by the initiator of a call . In order to protect the poor and vulnerable amongst us , we could structure it to only take effect after the third minute of talk .",vulnerable,ng,1,0,0.020358073,False,False Negative (missed PCL)
10326,"A top health official said today that the government could consider subsidies to help poor families pay for healthy food -- or imposing taxes on unhealthy products -- if other efforts fail to encourage better eating habits among Hong Kong residents . Dr Regina Ching from the Health Department said such moves could be explored as a way to cut levels of chronic illnesses in the city , such ...",poor-families,hk,1,0,0.017942796,False,False Negative (missed PCL)
2918,Famously progressive San Francisco has among America 's most eco-friendly public policies and has declared itself a sanctuary to immigrants it considers persecuted by President Donald Trump 's administration .,migrant,pk,1,0,0.017527187,False,False Negative (missed PCL)
2351,"She remembers how hard being homeless hit her . She remembers , too , how she would try and act as mad as possible to intimidate people and stop them from coming close to her . She would turn as she walked and make loud noises so that people would leave her alone . How did she manage not to lose sight of her future while she was struggling for survival ? "" I handled my situation of being homeless pretty easily , "" she says with a bit of distance . "" I had football to focus on . I wanted to represent my country and I was n't going to let anything get in the way . """,homeless,gh,1,0,0.017250981,False,False Negative (missed PCL)
5248,"Maida noted that political issues should not twist women away from matters of development , the important thing is peace , and women must wake up , since they need economic revolution through peaceful means .",women,tz,1,0,0.016301932,False,False Negative (missed PCL)
3614,News this month that Anglican Care spent $4 million buying a Christchurch site as a hub for vulnerable youths is a fine example of that community-minded approach . In years to come there may be an interesting contrast between a beautifully restored cathedral that is empty much of the time and a youth hub and revamped City Mission that are constantly busy .,vulnerable,nz,1,0,0.016126165,False,False Negative (missed PCL)
5722,"Calling for an immediate political solution to resolve the crisis in Syria , Erdogan said : "" Turkey 's incursion into northern Syria in early September had led to establishing peace , balance and stability in a region taken over by hopelessness "" .",hopeless,bd,1,0,0.013797103,False,False Negative (missed PCL)
8722,"But if the Supreme Court gives a favorable decision for the president , his immigration program would immediately take effect , changing the lives of eligible Filipino families and other immigrants .",immigrant,ph,1,0,0.011308367,False,False Negative (missed PCL)
107,"His present "" chambers "" may be quite humble , but Shiyani has the tiny space very neatly organized and clean . Many people pass him by but do not manage to see him , because the space is partially hidden behind trees , which gives him a relative privacy . "" There are many homeless sleeping around the station , "" Captain Xoli Mbele , from the nearby Johannesburg Central Police station said .",homeless,ke,1,0,0.011143464,False,False Negative (missed PCL)
4393,The law stipulated 21 rights of the disabled persons . The disabled persons must get the national identity cards and be listed in the voters roll . Even they will be able to contest in the polls .,disabled,bd,1,0,0.010664493,False,False Negative (missed PCL)
1922,"The Global Gender Gap Report 2016 has ranked Pakistan 143 out of 144 countries . This really demonstrates the failure of feminists who are hopeless to break the historical shackles of bondage on women and establish favorable political , educational , economic , and health conditions .",hopeless,pk,1,0,0.007445299,False,False Negative (missed PCL)
7414,"Cheung said 20 disabled undergraduate students from seven universities will start their eight-week internship in government departments this month , receiving the same salaries as able-bodied colleagues of HK$9,600 a month .",disabled,hk,1,0,0.0040997895,False,False Negative (missed PCL)
6234,"The World Health Organization did not give a reason for the increase in deaths , but a provincial health official in Sindh said that the disease hit areas where poor families did not vaccinate their children .",poor-families,us,1,0,0.004036427,False,False Negative (missed PCL)
1648,"Mari ? tte Coetzee from Stofberg Family Vineyards ( whose Mia Chenin Blanc 2016 was the garagiste trophy winner at last year 's Michelangelo Awards and the recipient of four Platter 's stars for the Mari ? tte Chenin Blanc 2016 ) , says : "" We can be extremely proud of the current women winemakers in our industry , especially considering most of them are juggling a family along with the long working hours .",women,za,1,0,0.0036466948,False,False Negative (missed PCL)
8330,"Many refugees do n't want to be resettled anywhere , let alone in the US .",refugee,ng,1,0,0.0033600535,False,False Negative (missed PCL)
9925,"THE jagged rocks , the stony beaches , the sweeping , heather covered hills ... the last views of the old country that faded from sight when a generation of immigrants set sail for the new world ( you can read that in Liam Neeson 's voice if you want ) .",immigrant,gb,1,0,0.0021652025,False,False Negative (missed PCL)
